sample,structure,r,p,n_sites
37,((....))..........,-0.4732582488433941,0.0472905420489364,18
58,((((......))))...........,-0.438379682014317,0.02837976415344472,25
64,........(((.....))).......,-0.4048106018344601,0.040230144685959555,26
73,((((((.....))))))...,-0.4812975630255717,0.03167268053295725,20
75,((((((((...)))))))),-0.4866967179667516,0.034584900551126146,19
80,.......((((......)))),-0.548727851860657,0.00999725117917497,21
