sample,structure,r,p,n_sites
37,((....))..........,-0.4732582488433941,0.04729054204893641,18
58,((((......))))...........,-0.438379682014317,0.02837976415344464,25
64,........(((.....))).......,-0.4048106018344601,0.040230144685959555,26
73,((((((.....))))))...,-0.4812975630255717,0.03167268053295719,20
75,((((((((...)))))))),-0.4866967179667516,0.03458490055112616,19
80,.......((((......)))),-0.5487278518606569,0.009997251179175002,21
